,0
1l29tb6,Mission: Impossible - The Final Reckoning
1l27rr5,Nonnas
1l257u6,Conan the Barbarian
1l20yu5,The Life of Chuck
1l1wjhw,Mission: Impossible – The Final Reckoning
1l1lwvh,Friendship
1l1cw5o,Anora
1l16261,Bring her back
1l0wdp4,PREDATOR: KILLER OF KILLERS
1l0tsou,Mission: Impossible – Dead Reckoning Part Two
1l0mv9k,Spider-man: Homecoming
1l0havk,"```
```
No film titles are mentioned in the provided text."
1kzlfg7,Mission: Impossible - The Final Reckoning
1kzkrar,Lilo & Stitch
1kzf3no,The Legend of Ochi
1kzf1cc,Karate Kid: Legends
1kz6zsa,Star Wars: Return of the Jedi
1kyxxr6,Black Widow
1kyxx7p,Captain America: Civil War
1kyxv87,Star Wars
1kyxr5p,American Psycho
1kyxq3f,American Beauty
1kyxolu,Star Wars: Empire Strikes Back
1kyxnx2,Star Wars: A New Hope
1kyxm7r,Avengers: Age of Ultron
1kyulhb,Karate Kid: Legends
1kyrttn,Lilo and Stitch
1kymyv5,Gentlemen Prefer Blondes
1kyhygb,Hurry Up Tomorrow
1kybpz9,The Phoenician Scheme
1kxtmbh,Sentimental Value
1kxqe4q,Moon Garden
1kxkpoa,The Phoenician Scheme
1kxjeto,The Last Jedi
1kxgl39,The Amateur
1kwvta3,The Phoenician Scheme
1kwpu3i,Bring Her Back
1kwnn9u,Love Hurts
1kwnmef,A Working Man
1kwjcgz,Hostel
1kwiw8p,Alpha
1kwerfi,Novocaine
1kwd9pz,Mission Impossible
1kvz0hp,Magnolia
1kvwb8v,Fountain Of Youth
1kvdwek,Urchin
1kv8uei,Lilo & Stitch
1kv4bbw,Highest 2 Lowest
1kuyygq,Sanam teri kasam
1kuv2lh,No film titles are mentioned in the provided text.
1kur2py,Fear Street: Prom Queen
1kuphd5,Road House
1ktsdqi,Friendship (2025)
1ktrzbd,Sinners
1ktnl2p,Mission: Impossible The Final Reckoning
1ktmzg3,Nonnas
1kta5sq,Mission: Impossible - The Final Reckoning
1kt7m3c,12 Suicidal Teens
1kt2rm1,Power Rangers
1kt0sqs,Hurry Up Tomorrow
1ksu354,IF (2024)
1kskzym,Novacaine
1ks6hh2,Whenever I'm Alone With You
1kryez8,Drop
1krx1ih,The Secret Agent
1krwesr,Final Destination 6
1krucnk,Sinners (2025)
1kr8vmn,The Dungeons & Dragons: Honour Amongst Thieves
1kr7eyw,Nonnas
1kr5070,"Die, My Love"
1kquula,Gangers
1kqozp3,Novocaine
1kqoyu9,Final Destination
1kqoxui,Mission: Impossible - Fallout
1kqhhd7,Ten Hours
1kqfmx7,Urchin
1kqbkm4,Mission: Impossible - Final Reckoning
1kq9cwl,Nouvelle Vague
1kq4h3c,Late Review But a good movie
1kpxil5,Eddington
1kpfsg0,The Chronology of Water
1kpcmsv,"```
```
No film titles are mentioned in the provided text."
1kp73j6,Final Destination
1kp71si,Sinners 2025
1kp5p70,The Empire Strikes Back
1kp1zjo,The Idol
1kon65d,Mission: Impossible – The Final Reckoning
1komx6h,The Plague
1ko6eee,Final Destination Bloodline
1ko0a7w,Final Destination Bloodlines
1knzgro,Sirât
1knxqf2,The Iron Claw
1knw7u0,Final Destination: Bloodlines
1knvo81,Case 137
1knr3sq,Hurry Up Tomorrow
1knlkwf,Final Destination Bloodlines
1kngike,Until Dawn
1kncccn,Mission: Impossible - The Final Reckoning
1kmobz2,Sound of Falling
1kmes9g,Thunderbolts
1km3i69,Black Bag
1km1j8p,Friendship
1klnhe6,The Surfer
1klin9x,Tourist Family
1klax28,Thunderbolts
1kl80q1,Batman & Robin
1kkozsi,The Ugly Stepsister
1kkm8cu,The Sun's Burial
1kkhjdw,Nonnas
1kkh2zc,The Surfer
1kkh273,Mission: Impossible - Rogue Nation
1kkbjfh,Thunderbolts
1kka29u,Conclave
1kjtn18,"```
```
No film titles are explicitly mentioned in the provided text."
1kjsg5z,Bandersnatch
1kizfiy,Fight Or Flight
1kiufa7,Shadow Force
1kio1ti,Run
1kikuws,Clown In A Cornfield
1ki9pvj,Mission: Impossible – Ghost Protocol
1ki4xsy,Warfare 2024
1ki1f4a,Sinners
1khzgxk,All the Haunts Be Ours
1khrg0w,Mission: Impossible III
1khpakh,The Holdovers
1khp4nq,Fight or Flight
1khmwgw,Time Cut
1khmdnc,Indecent Proposal
1kha1ub,Fight or Flight
1kh093c,Minions
1kgzwah,Equus
1kgx3uv,Another Simple Favor
1kgx2pk,Mission: Impossible II
1kgx03a,Mission: Impossible
1kgvnq0,Sinners
1kg8ybr,The First Time (2012)
1kfsz99,Until Dawn
1kfe2na,ApoKalypse
1key9xu,Rust
1kera7o,A Simple Favor
1keqemc,Eternal Sunshine of the Spotless Mind
1kenxmt,Thunderbolts
1kejpuc,Teenage Mutant Ninja Turtles: Mutant Mayhem
1kecg9b,No film titles are mentioned in the post.
1kea8y9,Mickey 17
1ke8khs,Another Simple Favor
1ke1rvi,Henry Johnson
1kdonin,Fritz the Cat
1kdic8g,Death Of A Unicorn
1kdhipx,Thunderbolts
1kd8i4i,The Brutalist
1kd6q77,BabyGirl
1kcr4pq,Retro
1kc5gjp,Death Wish
1kbwevm,Havoc
1kbkiks,Sinners
1kbgjsd,Thunderbolts
1kbg0cc,The Electric State
1kb10d8,Another Simple Favor
1kalaoy,Everything Everywhere all at Once
1kaay6j,Drive My Car
1ka3ku2,Uptown Girls
1ka06sk,Thudarum (2025)
1k9to78,The Surfer
1k9csuq,The Avengers
1k921xx,Havoc
1k91aut,Iron Man 2
1k8y86t,Captain Marvel
1k8wmoq,No film titles are mentioned in the provided text.
1k8ruba,Sinners
1k8o03v,Am I a Racist
1k8h9qw,The Shrouds
1k84tpo,BLACK SWAN
1k7ro3b,JOHN WICK: CHAPTER 4
1k7jfwi,The Legend of Ochi
1k7buv1,Until Dawn
1k7bhgc,HER
1k79jr2,The Minecraft Movie
1k77rda,Sinners
1k6x7wb,The Legend of Ochi
1k6t23c,The Accountant 2
1k67sv6,Outrage Coda
1k5ya4x,Bridget Jones: Mad About the Boy
1k5x6gb,Come and See
1k5t8ho,Painkili
1k5jxi3,Bullet Train Explosion
1k5by06,Beyond Outrage
1k4vhuw,Sinners
1k4u6yq,Airplane 2025
1k49zqo,Outrage (2010)
1k429qd,The Actor
1k41whv,Charlie Brown and the Eternal Eggless
1k3yrku,Tombstone
1k3uc87,Bring Them Down
1k3ubbp,Heart Eyes
1k3fhd0,"```
```"
1k3aklk,Companion
1k3aikb,Freaky Tales
1k3a2mz,The Secret Life of Walter Mitty
1k33xed,Black bag (2025)
1k2x9fi,Daveed (2025)
1k2u1gz,Dracula
1k2lxui,Sinners
1k2bkuu,Maranamass
1k2b52p,Sinners
1k24xrt,Warfare
1k202xk,Apur Sansar
1k1t7jr,Eephus
1k1j8a7,The Shadow Strays
1k1897h,Evil Dead
1k0swyu,Novocaine (2025)
1k0pjzl,The Wind Rises
1k0ivrg,A Working Man
1k09iwt,The Amateur
1jztsxw,Murmur
1jzm0o1,The Gorge
1jzi2os,Rabid
1jzi1j3,Scanners
1jz4jww,Kraven The Hunter
1jz0lzv,Jurassic Park
1jyq9ht,Snow White
1jynevs,Perusu
1jylegy,No film titles are mentioned.
1jy5ibg,Veera Dheera Sooran: Part 2
1jy4pnc,Alappuzha Gymkhana
1jy0ine,There are no film titles mentioned in the provided text.
1jxv3f4,Drop
1jx6kn5,Good Bad Ugly
1jwv4sy,G20
1jwpkuo,A Minecraft Movie
1jwnc2u,The Life List
1jwlgal,Don't Look Away
1jwgu9n,An Unquiet Mind + Tess
1jw1qu2,Mufasa: The Lion King
1jw1266,Nameless Gangster (2012)
1jvzihe,Warfare
1jvwzvx,Warfare
1jvw3lk,Lost movie
1jvu0mk,The Amateur
1jvsg2t,Stranizza D'Amuri
1jvjzqc,Night of the Zoopocalypse
1jvfkau,The Four Horsemen of the Apocalypse
1jv8b7a,Novocaine (2025)
1jv3psd,The Order
1jv3iyr,The Amateur
1juxhk8,Black Bag
1juxh0c,Sacramento
1jukv3j,TRON: Legacy
1juf1oc,Drop
1ju7rde,Livestream
1jtmize,Death of a Unicorn
1jtaoo7,The Ballad Of Wallis Island
1jt4bbm,Napoleon Dynamite
1jt359u,Taxi Driver
1jsu3rk,The Amateur
1jsmz2d,No film titles are mentioned in the provided text.
1jsjq4a,A Minecraft Movie
1jsfarz,Stuck in love
1js7ptf,Azreal (2024)
1js3z3p,Anora
1jrlv9a,A Minecraft Movie
1jrgwcn,Minecraft
1jrfc4r,Ash
1jr6wbh,Minecraft Movie
1jr075m,Death of a Unicorn
1jqv2c4,Minecraft
1jqpa8z,A Nice Indian Boy
1jqnlu4,Freaky Tales
1jqnh7n,All the bright places
1jq6gnr,Freaky Tales
1jq1tup,Dark Nuns
1jpyfso,The Beekeeper
1jpn44y,The Day the Earth Blew Up
1jpcz4q,Aghathiyaa
1joqtgv,Chintu ka Birthday
1jnswk3,Snow White
1jnk98q,X-MEN: FIRST CLASS
1jnb97j,Aparajito
1jn78qf,One Flew Over the Cuckoo's Nest
1jn5oog,"```
```
No film titles are mentioned in the provided text."
1jmxck1,The Woman in The Yard
1jmrkdt,Embrace of the Serpent
1jmopmh,Borderline
1jmje31,Ne Zha 2
1jmisam,Natural Born Killers
1jm7hy7,Death of a Unicorn
1jm0ryf,The Kite Runner
1jlxlof,Holland
1jlewsm,Holland
1jl5mha,Fear Is The Key
1jl0e30,Empuraan (2025)
1jka1qe,Black Bag
1jk7ujy,Wicked
1jk0z5u,The Alto Knights
1jjpeyk,Test Pattern
1jjo63q,The 400 Blows
1jjfmot,A Complete Unknown
1jjc51y,Minecraft
1jj9y7s,Snow White
1jj56ux,The Organizer
1jj26gd,The Beast
1jitsc7,Ponman
1jif0tz,Snow White
1jic95t,Snow White
1jiberi,Snow White
1ji40uw,Moana 2
1ji3zyq,The Blackcoat's Daughter
1ji2h7z,Bob Trevino Likes It
1ji1ndm,Athadu
1ji1ldy,Kaakha Kaakha
1jhs8ej,"```
```
There is no film title mentioned in the provided text."
1jhoc6x,Opus
1jh8sna,Black Bag
1jh7kek,The Day The Earth Blew Up
1jh2p0x,Thandel
1jh112s,Last Breath
1jgpve1,Revelations
1jgntjg,Magazine Dreams
1jgjn18,Emilia Perez
1jghlqu,Snow White 2025
1jgeye3,The Rule of Jenny Pen
1jf233q,Terrorizers
1jenm09,Novocaine
1jeedib,Anora
1je50w6,Mickey 17
1jdpt5h,The Revenant
1jdcqg7,The Brutalist
1jcgr16,Vidaamuyarchi
1jcel7l,There are no film titles mentioned in the post.
1jceblt,Silent Zone
1jc5d4r,Anora
1jc0ybo,The Electric State
1jbvcqg,Black Bag
1jbkoxo,Smile 2
1jbfqzc,Vivarium
1jbcuhr,The Electric State
1jbbto0,Opus
1jbasv2,Kudumbasthan
1jb9074,"Spring, Summer, Fall, Winter... and Spring ( 2003)"
1jawlwb,Amityville AI
1japjjy,The Electric State
1jafxd9,Moana 2
1jabb82,Furiosa
1ja9p1c,The Rule Of Jenny Pen
1ja9o78,Assault on Precinct 13
1ja0dkd,Mickey 17
1j9ykee,Strange Darling
1j9w4ha,Mickey 17
1j9r8jg,My Mickey 17
1j9i6sk,The Truth vs. Alex Jones
1j9bqra,Butchers Bluff
1j99ejq,In the Lost Lands
1j9954d,Black Bag
1j97t64,Bad Valentine's Movie
1j96o4o,Mickey 17
1j9345w,Mickey 17
1j8y13p,Snowpiercer
1j8xa2k,Smile
1j8tjp7,MAD MAX: FURY ROAD
1j8o3wh,Novocaine
1j8g34w,Novocaine
1j8947h,Death of a Unicorn
1j84tsd,Rekhachithram
1j81344,Mickey 17
1j7fu1c,Super Mario Bros. (1993)
1j7boad,Vivarium
1j7adxw,Seven Veils
1j73qjq,Zardoz
1j70obg,"```
```
No film titles are explicitly mentioned in the provided text."
1j6vizx,Mickey 17 (2025)
1j6lwv5,Mickey 17
1j6kmfg,Shepherds
1j6k1wp,Picture This
1j6cf09,Locke & Key
1j5ez4a,The Rule of Jenny Pen
1j5720u,One of Them Days
1j4ufh7,Chhaava
1j4v5v0,Heart Eyes
1j4jsiv,Mickey 17
1j4e2ba,Mickey 17
1j48skm,The Host
1j48rbj,Barking Dogs Never Bite
1j43422,The Gorge
1j431o5,Emilia Perez
1j3szmf,The Gorge
1j3qb9w,Last Breath
1j3g9ba,A Fish Called Wanda
1j3cl1f,Zola
1j3cjvv,Adaptation
1j3az43,13 Hours: The Secret Soldiers of Benghazi
1j37zxs,The Prestige
1j2xtvm,The Substance
1j2vd1f,The Outlaw Josey Wales
1j2uuy7,All We Imagine as Light
1j2r4x3,Memories of Murder
1j2lf2a,Anora
1j2d01i,Little Bites
1j2bgwy,Gothic Slayers
1j28tm3,Interstellar
1j1zzeh,The brutalist (2024)
